{
  "Player Summary": {
    "AlphaBetaPlayer:RED(depth=2,value_fn=base_fn,prunning=False)": {
      "WINS": 3,
      "AVG VP": 10.0,
      "AVG SETTLES": 3.3333333333333335,
      "AVG CITIES": 2.3333333333333335,
      "AVG ROAD": 1.0,
      "AVG ARMY": 0.0,
      "AVG DEV VP": 0.0
    },
    "FooPlayer:BLUE": {
      "WINS": 0,
      "AVG VP": 3.3333333333333335,
      "AVG SETTLES": 1.3333333333333333,
      "AVG CITIES": 0.6666666666666666,
      "AVG ROAD": 0.0,
      "AVG ARMY": 0.3333333333333333,
      "AVG DEV VP": 0.0
    }
  },
  "Game Summary": {
    "AVG TICKS": 244.66666666666666,
    "AVG TURNS": 88.0,
    "AVG DURATION": 779.1362482706705
  }
}