{
  "Player Summary": {
    "AlphaBetaPlayer:RED(depth=2,value_fn=base_fn,prunning=False)": {
      "WINS": 3,
      "AVG VP": 10.0,
      "AVG SETTLES": 2.6666666666666665,
      "AVG CITIES": 2.6666666666666665,
      "AVG ROAD": 1.0,
      "AVG ARMY": 0.0,
      "AVG DEV VP": 0.0
    },
    "FooPlayer:BLUE": {
      "WINS": 0,
      "AVG VP": 4.0,
      "AVG SETTLES": 2.3333333333333335,
      "AVG CITIES": 0.3333333333333333,
      "AVG ROAD": 0.0,
      "AVG ARMY": 0.3333333333333333,
      "AVG DEV VP": 0.3333333333333333
    }
  },
  "Game Summary": {
    "AVG TICKS": 178.33333333333334,
    "AVG TURNS": 63.333333333333336,
    "AVG DURATION": 413.78432091077167
  }
}