{
  "Player Summary": {
    "AlphaBetaPlayer:RED(depth=2,value_fn=base_fn,prunning=False)": {
      "WINS": 3,
      "AVG VP": 10.0,
      "AVG SETTLES": 2.0,
      "AVG CITIES": 3.0,
      "AVG ROAD": 1.0,
      "AVG ARMY": 0.0,
      "AVG DEV VP": 0.0
    },
    "FooPlayer:BLUE": {
      "WINS": 0,
      "AVG VP": 2.6666666666666665,
      "AVG SETTLES": 1.6666666666666667,
      "AVG CITIES": 0.3333333333333333,
      "AVG ROAD": 0.0,
      "AVG ARMY": 0.0,
      "AVG DEV VP": 0.3333333333333333
    }
  },
  "Game Summary": {
    "AVG TICKS": 173.33333333333334,
    "AVG TURNS": 61.666666666666664,
    "AVG DURATION": 1.6381313006083171
  }
}