{
  "Player Summary": {
    "AlphaBetaPlayer:RED(depth=2,value_fn=base_fn,prunning=False)": {
      "WINS": 3,
      "AVG VP": 10.0,
      "AVG SETTLES": 3.3333333333333335,
      "AVG CITIES": 2.3333333333333335,
      "AVG ROAD": 1.0,
      "AVG ARMY": 0.0,
      "AVG DEV VP": 0.0
    },
    "FooPlayer:BLUE": {
      "WINS": 0,
      "AVG VP": 4.333333333333333,
      "AVG SETTLES": 1.3333333333333333,
      "AVG CITIES": 1.0,
      "AVG ROAD": 0.0,
      "AVG ARMY": 0.3333333333333333,
      "AVG DEV VP": 0.3333333333333333
    }
  },
  "Game Summary": {
    "AVG TICKS": 233.0,
    "AVG TURNS": 83.33333333333333,
    "AVG DURATION": 17.25956122080485
  }
}